feature,importance
2022 Root yields (kg/mu),0.5542209625244141
2022 Root length (cm),0.5197887241840362
2022 Calycosin-7-glucoside (C7G) content (%),0.4409210979938507
